{
    "execution_time_sec": 7.499160051345825,
    "ram_usage_mb": 29.0390625,
    "rows": 109184,
    "partitions": 6
}