{
    "execution_time_sec": 8.039067029953003,
    "ram_usage_mb": 29.14453125,
    "rows": 109184,
    "partitions": 2
}