{
    "execution_time_sec": 6.67539644241333,
    "ram_usage_mb": 29.1015625,
    "rows": 109184,
    "partitions": 2
}