{
    "execution_time_sec": 7.4996819496154785,
    "ram_usage_mb": 28.86328125,
    "rows": 109184,
    "partitions": 6
}