{
    "execution_time_sec": 7.1497063636779785,
    "ram_usage_mb": 29.40234375,
    "rows": 109184,
    "partitions": 2
}