{"time":1084799719970.0,"scheduling_class":1.0,"collection_type":0.0,"priority":105.0,"machine_id":20089852771.0,"vertical_scaling":2.0,"scheduler":0.0,"start_time":1274400000000.0,"end_time":1274509000000.0,"assigned_memory":0.0026931763,"page_cache_memory":0.0002269745,"cycles_per_instruction":1.9186805487,"memory_accesses_per_instruction":0.0095059816,"sample_rate":1.0,"cluster":5.0,"failed":0.0,"resource_request_cpu":0.008102417,"resource_request_memory":0.0032539368,"avg_usage_cpu":0.0010490417,"avg_usage_memory":0.0012817383,"max_usage_cpu":0.0050048828,"max_usage_memory":0.0014438629,"cpu_mean":0.0009147473,"cpu_max":0.00299454,"cpu_std":0.0007020742}